Sentiment,trades,win_rate,mean_pnl,median_pnl,pnl_std,avg_size_usd,median_size_usd,median_lev_proxy,BUY,SELL
Extreme Fear,21400,37.1,34.53786207897196,0.0,1136.0560914312027,5349.7318429906545,766.15,1.0,0.5109813084112149,0.489018691588785
Extreme Greed,39992,46.5,67.89286133909282,0.0,766.8282935916445,3112.2515645629123,500.05,1.0,0.4485897179435887,0.5514102820564113
Fear,61837,42.1,54.2903996254993,0.0,935.3554378356772,7816.109930785776,735.96,1.0,0.4895127512654236,0.5104872487345764
Greed,50303,38.5,42.74355948851957,0.0,1116.028389757626,5736.884375086974,555.0,1.0,0.488559330457428,0.5114406695425721
Neutral,37686,39.7,34.30771839807886,0.0,517.1222197292019,4782.732661465797,547.655,1.0,0.5033434166533991,0.49665658334660084
